PERMNO,#RIC
10026.0,JJSF.O
10032.0,PLXS.O
10051.0,HGR
10104.0,ORCL.O
10104.0,ORCL.K
10107.0,MSFT.O
10137.0,AYE
10138.0,TROW.O
10145.0,HON
10147.0,EMC
10180.0,AKRX.O
10182.0,TECD.O
10200.0,RGEN.O
10225.0,FO
10225.0,BEAM.K
10252.0,INDB.O
10259.0,SIGM.O
10272.0,TKLC.O
10299.0,LLTC.O
10302.0,CY.O
10308.0,TMP
10324.0,GENZ.O
10375.0,TCB
10382.0,ASTE.O
10395.0,NAVG.O
10397.0,WERN.O
10421.0,SKYW.O
10501.0,AMWD.O
10516.0,ADM
10517.0,AAN
10530.0,VIVO.O
10606.0,WTS
10629.0,FNB
10656.0,ACET.O
10659.0,BRLI.O
10696.0,FISV.O
10812.0,HTLD.O
10866.0,BWS
10866.0,CAL
10874.0,BC
10909.0,CERN.O
10932.0,WBS
11018.0,FBP
11081.0,DELL.O
11144.0,AVD
11208.0,OFG
11267.0,CATO.K
11308.0,KO
11343.0,SAFM.O
11369.0,UBSI.O
11378.0,CCC
11382.0,SKS
11403.0,CDNS.O
11404.0,ED
11442.0,CHCO.O
11481.0,EBIX.O
11533.0,FICO.K
11547.0,CNMD.O
11552.0,CELG.O
11581.0,ATU
11599.0,ACO
11600.0,XRAY.O
11618.0,FAST.O
11628.0,CPF
11641.0,AIRM.O
11644.0,CRK
11664.0,GDOT.K
11674.0,DTE
11691.0,ALEX.K
11691.0,MATX.K
11703.0,DD
11707.0,CBM
11731.0,AIN
11752.0,IIVI.O
11754.0,EK
11786.0,SIVB.O
11809.0,CLH
11850.0,XOM
11884.0,IPAR.O
11955.0,WM
11976.0,BMC.O
12008.0,DY
12036.0,GMT
12052.0,GD
12060.0,GE
12062.0,LH
12067.0,NVLS.O
12068.0,ONB
12068.0,ONB.O
12073.0,PBCT.O
12074.0,PDE
12140.0,GR
12173.0,GNCMA.O
12211.0,LNN
12217.0,MEAS.O
12330.0,EXAM.K
12369.0,GM
12446.0,FXCM.K
12456.0,MMI
12477.0,WD
12490.0,IBM
12558.0,KMI
12570.0,ITT
12615.0,FF
12622.0,HCA
12623.0,HII
12650.0,KSU
12695.0,SGNT.O
12758.0,ECOL.O
12781.0,LG
12872.0,MPC
12880.0,AMCX.O
12894.0,CJES.K
12905.0,SXC
12906.0,SYRG.K
12914.0,DNKN.O
12915.0,FRAN.O
12924.0,TNGO.O
12981.0,FBHS.K
13018.0,XLS
13035.0,XYL
13041.0,LMOS.O
13056.0,AM
13085.0,VAC
13116.0,BCEI.K
13141.0,WPX
13168.0,TRIP.O
13188.0,POST.K
13253.0,SLCA.K
13285.0,BNNY.K
13356.0,PSX
13400.0,WAGE.K
13407.0,FB.O
13429.0,ALEX.K
13502.0,EGL
13567.0,ADT
13598.0,KRFT.O
13610.0,OLN
13627.0,WWAV.K
13688.0,PCG
13712.0,UIHC.O
13721.0,ABBV.K
13743.0,ERA
13748.0,TPH
13766.0,BCC
13788.0,ZTS
13825.0,ENTA.O
13831.0,CST
13856.0,PEP
13878.0,MDXG.O
13901.0,MO
13928.0,COP
13934.0,FNBC.O
13936.0,PVH
13963.0,NWSA.O
14008.0,AMGN.O
14076.0,MUSA.K
14141.0,SAIC.K
14198.0,ALOG.O
14247.0,FTD.O
14401.0,OGS
14459.0,INGN.O
14470.0,SZMK.O
14471.0,TLMR.O
14487.0,KN
14526.0,APOG.O
14541.0,CVX
14542.0,GOOG.O
14593.0,AAPL.O
14601.0,NAVI.O
14632.0,DNOW.K
14637.0,TIME.K
14656.0,SUN
14682.0,RYAM.K
14684.0,TMST.K
14702.0,AMAT.O
14751.0,VRTV.K
14763.0,CTLT.K
14795.0,TKR
14803.0,HQY.O
15069.0,MRO
15202.0,VMC
15318.0,ASBC.O
15318.0,ASB
15456.0,FL
15553.0,AGL
15553.0,GAS
15560.0,RSH
15579.0,TXN
15579.0,TXN.O
15720.0,EIX
15721.0,ATW
16126.0,AZZ
16432.0,GT
16432.0,GT.O
16548.0,BOH
16600.0,HSY
16678.0,KR
17005.0,CVS
17144.0,GIS
17478.0,MHP
17478.0,MHFI.K
17743.0,WRB
17750.0,KMB
17778.0,BRKa
17830.0,UTX
17929.0,UGI
17961.0,BGG
18033.0,SVNT.O
18091.0,CW
18163.0,PG
18403.0,JCP
18411.0,SO
18542.0,CAT
18570.0,BOBE.O
18649.0,BCO
18729.0,CL
18973.0,BRC
19166.0,FMC
19350.0,DE
19393.0,BMY
19502.0,WAG
19502.0,WBA.O
19561.0,BA
19721.0,VVI
19828.0,WEN
19828.0,WEN.O
20053.0,SNV
20117.0,ACXM.O
20204.0,CR
20395.0,CVBF.O
20482.0,ABT
20512.0,CACI.K
20598.0,CALM.O
20618.0,CRS
20626.0,DOW
20670.0,CAMP.O
20765.0,GY
21020.0,AAL.O
21055.0,GCO
21178.0,LMT
21186.0,MWV
21186.0,WRK
21207.0,NEM
21231.0,WGL
21371.0,CAH
21573.0,IP
21726.0,CASC.K
21742.0,CASY.O
21776.0,EXC
21792.0,CNP
21928.0,IDA
21936.0,PFE
22103.0,EMR
22111.0,JNJ
22293.0,GLW
22374.0,CRDN.O
22437.0,CHG
22509.0,PPG
22517.0,PPL
22592.0,MMM
22752.0,MRK
22779.0,MSI
22825.0,CMN
22840.0,SLE
22840.0,HSH
22859.0,DPL
22921.0,CKP
23026.0,FE
23077.0,HNZ
23085.0,SCG
23114.0,PGN
23229.0,CMS
23297.0,EAT
23393.0,CHD
23473.0,CINF.O
23501.0,POM
23536.0,WEC
23579.0,TXT
23660.0,CTAS.O
23712.0,PEG
23819.0,HAL
23835.0,MDU
23887.0,FTR
23887.0,FTR.O
23916.0,CYN
23931.0,XEL
23975.0,CLC
24010.0,ETR
24053.0,WR
24109.0,AEP
24205.0,NEE
24221.0,CEG
24248.0,ALE
24272.0,ASH
24328.0,EQT
24432.0,GXP
24440.0,OGE
24459.0,PBI
24476.0,COHR.O
24643.0,AA
24766.0,NOC
24942.0,RTN
24969.0,AVA
24985.0,AEE
25081.0,CMA
25099.0,TEG
25129.0,CBSH.O
25232.0,OKE
25304.0,HSC
25320.0,CPB
25419.0,WHR
25582.0,HRS
25590.0,NFG
25778.0,CA.O
25785.0,F
25953.0,DOV
26201.0,CMTL.O
26403.0,DIS
26470.0,EGN
26607.0,BH
26614.0,SJI
26710.0,L
26825.0,K
27043.0,VAR
27254.0,STL
27334.0,CSL
27422.0,CLF
27562.0,CBRL.O
27633.0,R
27684.0,AVT
27705.0,IRF
27756.0,STR
27828.0,HPQ
27887.0,BAX
27888.0,CFR
27959.0,DUK
27983.0,XRX
27991.0,PNW
28222.0,APD
28345.0,MUR
28484.0,HES
28564.0,CTS
28804.0,ALK
29209.0,ARW
29612.0,AIT
29946.0,BFb
30147.0,DNEX.O
30402.0,CAS
30648.0,COHU.O
30680.0,CMC
30681.0,OMC
30737.0,ASNA.O
30940.0,FLS
31077.0,CUB
31500.0,EV
32054.0,ESIO.O
32110.0,ELMG.O
32707.0,HP
32803.0,HOC
32803.0,HFC
32870.0,HRL
32942.0,HUBb
32986.0,ATO
33209.0,ENZ
34032.0,MAS
34673.0,NR
34746.0,FITB.O
34817.0,NUE
34833.0,OXY
34948.0,OXM
35044.0,RF
35051.0,PLL
35107.0,PKE
35124.0,CLGX.K
35167.0,FMER.O
35238.0,PBY
35263.0,TRMK.O
35554.0,MTB
35685.0,FFBC.O
35917.0,FMBI.O
35991.0,ROG
36003.0,ROL
36397.0,FHN
36468.0,SHW
36898.0,SCL
37161.0,TE
37217.0,LDR
37234.0,FST
37284.0,TSO
37568.0,FELE.O
37584.0,BEN
37807.0,VAL
37875.0,FUL
37955.0,GKSR.O
37955.0,GK.O
38093.0,AJG
38149.0,BYI
38156.0,WMB
38578.0,TNB
38658.0,NVE
38659.0,GNTX.O
38682.0,RRD.O
38703.0,WFC
38755.0,GEOI.O
38762.0,NI
39087.0,S
39220.0,SMP
39490.0,APA
39538.0,MAT.O
39571.0,GGG
39642.0,BDX
39693.0,B
40125.0,CSC
40272.0,IFF
40416.0,AVP
40440.0,DBD
40539.0,TJX
40694.0,TXI
41080.0,CMI
41187.0,HE
41217.0,HVT
41292.0,HCSG.O
41355.0,PH
41929.0,CNW
42024.0,OMX
42083.0,ACV
42140.0,PNK
42200.0,PKI
42286.0,WWW
42439.0,HNI
42534.0,JCI
42550.0,NEU
42585.0,SJM
42796.0,MDP
42877.0,JBHT.O
42906.0,HBAN.O
43123.0,ATI
43350.0,SWK
43449.0,MCD
43481.0,SXI
43553.0,VFC
43721.0,LZ
43772.0,BMS
44134.0,KMT
44206.0,NU
44206.0,ES
44274.0,INSU.O
44274.0,AEGN.O
44329.0,TFX
44506.0,IDTI.O
44513.0,PULS.K
44601.0,AVY
44644.0,ADP.O
44768.0,IFSIA.O
44768.0,TILE.O
44943.0,DIOD.O
44951.0,SVU
45241.0,FRX
45277.0,IGT
45306.0,IDCC.O
45495.0,RDC
45655.0,CDI
45728.0,IVC
45751.0,MMC
45911.0,SWKS.O
46077.0,AXE
46392.0,ITG
46463.0,GFF
46578.0,CLX
46674.0,GPC
46690.0,CBT
46877.0,BCR
46886.0,KLAC.O
47002.0,KAMN.O
47002.0,KAMN.K
47205.0,KDN
47379.0,KELYA.O
47466.0,NYT
47677.0,CBB
47706.0,FSS
47730.0,ABM
47888.0,GRB
47896.0,JPM
47941.0,GCI
47941.0,TGNA.K
48144.0,KLIC.O
48267.0,LSI
48267.0,LSI.O
48274.0,GAS
48347.0,LZB
48389.0,UNS
48486.0,LRCX.O
48506.0,MCO
48523.0,LANC.O
48531.0,LNCE.O
48653.0,HUM
48725.0,UNP
48961.0,LAWS.O
49015.0,LNC
49154.0,TGT
49373.0,HRB
49488.0,LXU
49656.0,BK
49680.0,DHR
49905.0,LIZ
49905.0,FNP
49905.0,KATE.K
49971.0,PNY
50017.0,RRC
50278.0,URS
50606.0,TDW
50623.0,MTSC.O
50788.0,ESL
50876.0,LLY
50948.0,SMTC.O
51086.0,WGO
51369.0,TER
51377.0,NSM
51423.0,MCS
51457.0,OSG
51625.0,SCI
51633.0,VVC
51706.0,MI
52038.0,SYY
52090.0,MKC
52230.0,RHI
52329.0,JEC
52337.0,THC
52396.0,SUP
52476.0,EFX
52695.0,GWW
52708.0,LEN
52716.0,HRC
52813.0,MENT.O
52898.0,WTR
52936.0,MCY
52978.0,HAS.O
53065.0,IPG
53110.0,BMI
53197.0,MEI
53225.0,WPO
53480.0,MCRS.O
53613.0,MU.O
53640.0,MSCC.O
53663.0,UIL
53866.0,FDO
54114.0,MLHR.O
54148.0,PHM
54253.0,MSA
54594.0,AIR
54818.0,RDK
54818.0,HTSI.K
55001.0,TRN
55212.0,SPW
55212.0,SPXC.K
55213.0,RT
55511.0,PNM
55597.0,MTRN.K
55976.0,WMT
56040.0,NAFC.O
56063.0,FTO
56223.0,LPX
56274.0,CAG
56573.0,ITW
56611.0,NPBC.O
57154.0,GLT
57534.0,NEWP.O
57568.0,BLL
57665.0,NKE
57808.0,VSH
57809.0,NDSN.O
57817.0,JWN
57904.0,AFL
58246.0,NTRS.O
58318.0,TEX
58334.0,NWN
58560.0,ASEI.O
58683.0,LUV
58771.0,RBC
58819.0,LNT
58975.0,OII
59010.0,GPS
59045.0,KEX
59089.0,BRS
59176.0,AXP
59192.0,CB
59248.0,TAP
59328.0,INTC.O
59396.0,ORI
59408.0,BAC
59459.0,TRV
59619.0,SXT
59774.0,LDL
60097.0,MDT
60186.0,OMI
60206.0,SNA
60442.0,PNC
60506.0,PCAR.O
60580.0,TTC
60599.0,CTL
60628.0,FDX
60687.0,AFG
60871.0,ADI
60871.0,ADI.O
60943.0,LEG
60986.0,NWL
61138.0,PRX
61188.0,SWX
61241.0,AMD
61241.0,AMD.O
61313.0,DCI
61399.0,LOW
61516.0,BIO
61621.0,PAYX.O
61735.0,AON
61743.0,DLX
61807.0,MOGa
61815.0,NBL
61946.0,BKH
61955.0,PVA
62034.0,PNR
62042.0,PENX.O
62092.0,TMO
62148.0,CSX
62308.0,TMK
62341.0,PETD.O
62341.0,PDCE.O
62383.0,RYL
62498.0,WST
63125.0,AGYS.O
63335.0,PDC
63335.0,PES
63467.0,BRO
63503.0,CV
63714.0,OCR
63715.0,POWL.O
63765.0,SWN
63773.0,TDS
63781.0,UNT
63830.0,PCP
64135.0,WMS
64186.0,CI
64194.0,CHE
64282.0,LTD
64282.0,LB
64311.0,NSC
64390.0,PGR
64450.0,NJR
64486.0,PL
64557.0,CNL
64929.0,KWR
64936.0,D
64961.0,QSII.O
64995.0,KEY
65294.0,RLI
65306.0,UNF
65307.0,RPM
65330.0,LM
65365.0,MYE
65402.0,AOS
65541.0,COO
65875.0,VZ
66050.0,KID
66093.0,T
66114.0,TIN
66157.0,USB
66181.0,HD
66245.0,MDC
66325.0,SLM
66325.0,SLM.O
66376.0,WSO
66384.0,WDC
66384.0,WDC.O
66739.0,SFY
66800.0,AIG
67193.0,RBN
67467.0,BIG
67847.0,RGLD.O
68144.0,STI
68196.0,SEIC.O
68292.0,SIGI.O
68591.0,STJ
68830.0,REX
68857.0,CVC
69032.0,MS
69199.0,SHLM.O
69550.0,MYL.O
69649.0,RJF
69796.0,STZ
70033.0,HOG
70092.0,KBH
70228.0,TOL
70308.0,ARG
70332.0,APC
70500.0,CCE
70519.0,C
70536.0,SIAL.O
70578.0,ECL
70616.0,SYMM.O
70923.0,SFD
71175.0,UNM
71176.0,SON
71271.0,Y
71475.0,AWR
71563.0,BBT
71985.0,SPAR.O
72486.0,SMSC.O
72494.0,SR
72696.0,SPF
72696.0,CAA
72726.0,STT
72980.0,STC
72996.0,SF
73139.0,SYK
73219.0,RGR
73681.0,SUPX.O
73809.0,SUSQ.O
75033.0,VOXX.O
75034.0,BHI
75070.0,INT
75100.0,TIF
75101.0,TBL
75104.0,CBSa
75107.0,ABMD.O
75182.0,PII
75186.0,SCHW.K
75215.0,CSH
75224.0,HAR
75241.0,PXD
75257.0,TLAB.O
75285.0,MAN
75316.0,BID
75326.0,ACI
75342.0,MTH
75383.0,BEC
75432.0,CEC
75460.0,TNC
75489.0,SPLS.O
75510.0,ADBE.O
75517.0,MRTN.O
75526.0,AFAM.O
75527.0,ZQK
75573.0,ODP
75573.0,ODP.O
75577.0,ALTR.O
75591.0,IEX
75603.0,CRUS.O
75607.0,SYMC.O
75646.0,AGN
75649.0,TG
75654.0,CGNX.O
75694.0,TECH.O
75825.0,EOG
75828.0,ERTS.O
75828.0,EA.O
75831.0,DGII.O
75905.0,GIII.O
75912.0,PMTC.O
75912.0,PTC.O
75976.0,NEOG.O
76076.0,CSCO.O
76081.0,THO
76082.0,COG
76091.0,SUG
76095.0,HOLX.O
76099.0,DFG
76100.0,THOR.O
76127.0,TTI
76128.0,VICR.O
76135.0,GVA
76136.0,UTR
76136.0,KMPR.K
76138.0,BEAV.O
76139.0,ORB
76148.0,RTI
76149.0,SWY
76185.0,TYL
76195.0,KSWS.O
76201.0,XLNX.O
76207.0,ACAT.O
76215.0,ICON.O
76219.0,TRH
76223.0,CHUX.O
76224.0,BHE
76226.0,CBS
76230.0,TRMB.O
76234.0,MOLXA.O
76261.0,EXPO.O
76279.0,MTRX.O
76282.0,AN
76372.0,ISYS.O
76391.0,MRX
76392.0,MMSI.O
76477.0,ATK
76477.0,OA
76478.0,ESE
76489.0,LUFK.O
76504.0,CATY.O
76565.0,HMA
76568.0,SONC.O
76573.0,MLI
76582.0,DORM.O
76584.0,ATML.O
76605.0,AZO
76613.0,IO
76614.0,REGN.O
76619.0,CVH
76625.0,CEPH.O
76639.0,TSS
76644.0,X
76671.0,ANN
76684.0,HBHC.O
76695.0,PNRA.O
76697.0,HNT
76708.0,DV
76709.0,IDXX.O
76711.0,RGS
76712.0,AES
76732.0,DIN
76744.0,VRTX.O
76750.0,MNRO.O
76752.0,PRGS.O
76788.0,HWAY.O
76795.0,ZBRA.O
76798.0,EZPW.O
76837.0,HAE
76838.0,PRA
76841.0,BIIB.O
76856.0,FCFS.O
76868.0,AAON.O
76999.0,THQI.O
77037.0,ODFL.O
77043.0,SWS
77053.0,WTNY.O
77090.0,ATNI.O
77114.0,WRLD.O
77120.0,HMN
77157.0,OI
77178.0,QCOM.O
77182.0,PRGO.O
77182.0,PRGO.K
77191.0,TTEK.O
77274.0,GILD.O
77279.0,ABAX.O
77281.0,WFMI.O
77281.0,WFM.O
77300.0,SMG
77338.0,ROP
77354.0,SCHL.O
77357.0,SNPS.O
77366.0,ELY
77415.0,NBTB.O
77418.0,TWX
77420.0,FRED.O
77421.0,LNCR.O
77447.0,ICUI.O
77453.0,JACK.O
77461.0,VCI
77462.0,M
77478.0,CBK
77481.0,EP
77496.0,MHK
77501.0,NCS
77515.0,KOPN.O
77516.0,MW
77519.0,TRST.O
77520.0,AGCO.K
77528.0,STBA.O
77530.0,SMRT.O
77584.0,BKE
77595.0,ABFS.O
77595.0,ARCB.O
77605.0,BSX
77606.0,KSS
77629.0,USPH.K
77643.0,FCF
77649.0,STE
77659.0,BBBY.O
77661.0,DHI
77668.0,ESRX.O
77669.0,FINL.O
77679.0,COLB.O
77702.0,SBUX.O
77730.0,TSN
77763.0,SPN
77768.0,PX
77780.0,CENT.O
77785.0,WIRE.O
77787.0,ZOLL.O
77830.0,HITK.O
77902.0,CAKE.O
77917.0,ASGN.O
77917.0,ASGN.K
77918.0,LFUS.O
77971.0,EFII.O
77976.0,MFE
78009.0,SBIB.O
78015.0,MTX
78033.0,HCC
78034.0,PDCO.O
78044.0,UFI
78051.0,QCOR.O
78081.0,LGND.O
78137.0,CKH
78139.0,CPWR.O
78156.0,HMSY.O
78170.0,SM
78172.0,BBOX.O
78186.0,PQ
78193.0,PMTI.O
78200.0,SHFL.O
78211.0,UVE
78664.0,DDD
78693.0,UFCS.O
78829.0,UMBF.O
78875.0,CREE.O
78876.0,CRY
78877.0,CHK
78881.0,CYBX.O
78915.0,UEIC.O
78916.0,WPI
78916.0,ACT
78955.0,AVID.O
78963.0,CHS
78975.0,INTU.O
78977.0,JAH
78981.0,LSTR.O
78987.0,MCHP.O
79037.0,ETH
79089.0,FOSL.O
79094.0,JBL
79103.0,ORLY.O
79108.0,SANM.O
79133.0,ATR
79150.0,ANIK.O
79195.0,PERY.O
79198.0,TWI
79210.0,RGA
79248.0,THRM.O
79265.0,FLIR.O
79299.0,PZZA.O
79303.0,USTR.O
79303.0,ESND.O
79323.0,ALL
79338.0,SGMS.O
79411.0,PETM.O
79444.0,SGY
79507.0,MCRI.O
79545.0,BWA
79564.0,ARRS.O
79588.0,GMCR.O
79611.0,MOV
79628.0,UTEK.O
79637.0,UHS
79667.0,BKS
79668.0,BDC
79672.0,ZLC
79678.0,ATVI.O
79686.0,DECK.O
79686.0,DECK.K
79698.0,IT
79724.0,OMG
79758.0,BYD
79785.0,NVR
79796.0,AF
79799.0,ATMI.O
79824.0,FFIN.O
79839.0,ITRI.O
79841.0,FWRD.O
79857.0,PTEN.O
79859.0,NYB
79859.0,NYCB.K
79862.0,ROCK.O
79878.0,UFPI.O
79879.0,JDSU.O
79879.0,VIAV.O
79881.0,URBN.O
79903.0,HHS
79909.0,MHO
79915.0,NFX
80032.0,SHAW.K
80034.0,SHOO.O
80049.0,TQNT.O
80054.0,MED
80072.0,VLY
80079.0,CYT
80080.0,EMN
80113.0,CGI
80128.0,VMI
80135.0,SFN
80167.0,HAIN.O
80185.0,PLT
80191.0,ALB
80204.0,MLM
80223.0,BPFH.O
80233.0,DAKT.O
80236.0,DSPG.O
80254.0,MINI.O
80266.0,QLGC.O
80279.0,SNIC.O
80286.0,TSCO.O
80303.0,AKS
80316.0,CBR
80320.0,CPRT.O
80341.0,MPAA.O
80361.0,RKT
80362.0,SCSC.O
80375.0,ZEUS.O
80415.0,EXP
80432.0,AEO
80439.0,CELL.O
80446.0,GDI
80498.0,ABCB.O
80539.0,NKTR.O
80544.0,JOSB.O
80568.0,PSSI.O
80575.0,SSD
80621.0,CGX
80759.0,MATW.O
80774.0,GEO
80791.0,ADTN.O
80795.0,AMED.O
80864.0,RS
80928.0,DAR
80987.0,KNX
81010.0,SSYS.O
81055.0,COF
81061.0,MCK
81095.0,NWBI.O
81116.0,VECO.O
81128.0,ESI
81138.0,APOL.O
81162.0,MCRL.O
81173.0,SWC
81220.0,NSIT.O
81222.0,RCII.O
81241.0,BRKS.O
81282.0,ACIW.O
81294.0,WDFC.O
81481.0,DLTR.O
81501.0,NATI.O
81540.0,ABC
81541.0,MBFI.O
81577.0,WFSL.O
81577.0,WAFD.O
81621.0,HLIT.O
81655.0,DRI
81666.0,HA.O
81677.0,WAB
81678.0,LECO.O
81702.0,WPP
81705.0,FEIC.O
81736.0,RMD
81774.0,FCX
81776.0,WFR
81776.0,SUNE.K
81857.0,CAM
82179.0,IART.O
82196.0,DNR
82272.0,MD
82279.0,SENEA.O
82281.0,SMSI.O
82292.0,THG
82298.0,DO
82307.0,DVA
82515.0,POOL.O
82521.0,RSYS.O
82546.0,ADVS.O
82547.0,AEIS.O
82575.0,BANR.O
82581.0,HSIC.O
82587.0,IVAC.O
82598.0,NTAP.O
82607.0,PRXL.O
82618.0,SNDK.O
82634.0,SAM
82635.0,BKI
82642.0,EL
82643.0,LXK
82644.0,MIG
82649.0,SWM
82651.0,WAT
82686.0,CTXS.O
82694.0,EME
82702.0,IPXL.O
82717.0,KNSY.O
82775.0,HIG
82777.0,MSM
82825.0,LCAV.O
82837.0,PPDI.O
82855.0,EE
82932.0,JWb
83011.0,WSM
83030.0,WL
83111.0,ALXN.O
83112.0,ANDE.O
83124.0,CSGS.O
83131.0,DGIT.O
83143.0,IRM
83186.0,DST
83233.0,GEF
83244.0,CENX.O
83272.0,HUBG.O
83283.0,JDAS.O
83333.0,PSS
83366.0,CRR
83405.0,PLCM.O
83421.0,DF
83422.0,SYKE.O
83435.0,YHOO.O
83443.0,BRKb
83452.0,NDN
83462.0,TUP
83509.0,FCN
83520.0,JAKK.O
83529.0,MGAM.O
83597.0,FDS
83601.0,WOR
83616.0,AFFX.O
83621.0,ANSS.O
83661.0,GWR
83671.0,TBI
83699.0,TIE
83799.0,STRA.O
83815.0,DCOM.O
83822.0,GES
83862.0,ETFC.O
83879.0,LAMR.O
83906.0,SRCL.O
83916.0,TTEC.O
83928.0,CYMI.O
83939.0,HOTT.O
83950.0,SPPI.O
83961.0,RSTI.O
83976.0,ANF
84032.0,NOV
84041.0,TGI
84052.0,ARQL.O
84060.0,CBST.O
84062.0,BJRI.O
84084.0,HIBB.O
84103.0,NCI
84129.0,ZION.O
84168.0,IM
84176.0,SSP
84210.0,FORR.O
84226.0,ISCA.O
84234.0,PLUS.O
84262.0,STLD.O
84275.0,UNFI.O
84281.0,VPHM.O
84319.0,LAD
84320.0,IGTE.O
84342.0,MWW
84348.0,VSAT.O
84364.0,CVD
84365.0,DEL
84372.0,NCR
84373.0,DGX
84381.0,ROK
84385.0,NSP
84403.0,WGOV.O
84403.0,WWD.O
84416.0,CWTR.O
84519.0,CIEN.O
84519.0,CIEN.K
84531.0,EPIQ.O
84559.0,ERES.O
84559.0,ERT.O
84561.0,RADS.O
84563.0,SLGN.O
84584.0,RAH
84624.0,ROVI.O
84636.0,WTFC.O
84737.0,GIFI.O
84761.0,TTWO.O
84769.0,APH
84776.0,BGC
84788.0,AMZN.O
84808.0,GLF
84827.0,RMBS.O
85032.0,Q
85034.0,RCRC.O
85035.0,RFMD.O
85035.0,QRVO.O
85059.0,FIX
85067.0,MMS
85072.0,RL
85077.0,SRT
85168.0,HLX
85173.0,CSTR.O
85173.0,OUTR.O
85176.0,DXPE.O
85177.0,EGHT.O
85198.0,OZRK.O
85208.0,SIRO.O
85234.0,CXW
85246.0,JLL
85257.0,AME
85269.0,VLO
85280.0,CRZO.O
85298.0,KNDL.O
85348.0,YUM
85372.0,FARO.O
85390.0,PLCE.O
85424.0,DRQ
85427.0,GPI
85445.0,IN
85459.0,CHRW.O
85486.0,TRAD.O
85488.0,OSIS.O
85496.0,PSEM.O
85567.0,OYOG.O
85567.0,GEOS.O
85593.0,AMG
85621.0,MTD
85627.0,SAH
85631.0,ADSK.O
85645.0,CPO
85645.0,INGR.K
85663.0,URI
85675.0,AMSG.O
85686.0,DEPO.O
85710.0,POWI.O
85724.0,CECO.O
85738.0,MRCY.O
85741.0,NARA.O
85741.0,BBCN.O
85753.0,VRSN.O
85770.0,MDS
85789.0,BXS
85792.0,PWR
85860.0,BRKL.O
85889.0,SRDX.O
85913.0,MAR
85913.0,MAR.O
85914.0,BBY
85926.0,SEE
85931.0,WDR
85963.0,BRCM.O
85991.0,LVLT.K
85992.0,MANH.O
85994.0,FNFG.O
86003.0,SONO.O
86004.0,UMPQ.O
86021.0,LLL
86026.0,IOSP.O
86042.0,HW
86091.0,SBSI.O
86097.0,WCN
86102.0,FII
86111.0,AMT
86128.0,HZO
86136.0,SRE
86158.0,CTSH.O
86189.0,SCHS.O
86196.0,ULTI.O
86211.0,MSTR.O
86228.0,RSG
86242.0,BELFB.O
86305.0,CVG
86322.0,DRIV.O
86339.0,CCI
86356.0,EBAY.O
86432.0,PRSP.O
86432.0,PB
86440.0,WIBC.O
86489.0,SCSS.O
86525.0,CNQR.O
86534.0,PFCB.O
86544.0,INSP.O
86544.0,BCOR.O
86548.0,ARJ
86580.0,NVDA.O
86582.0,PBNY.K
86582.0,STL
86594.0,KFY
86709.0,AMRI.O
86715.0,COCO.O
86717.0,EPAY.O
86719.0,EWBC.O
86720.0,EXBD.K
86720.0,CEB
86725.0,LIFE.O
86759.0,KWK
86778.0,MKSI.O
86783.0,PCLN.O
86791.0,VSEA.O
86799.0,CNX
86804.0,JEF
86809.0,SFG
86827.0,HSII.O
86830.0,INFA.O
86866.0,TUES.O
86868.0,GS
86896.0,CBU
86899.0,LPNT.O
86926.0,TWTC.O
86946.0,RAI
86949.0,SKX
86964.0,FFIV.O
86979.0,JNPR.K
87000.0,STMP.O
87006.0,UTHR.O
87020.0,PVTB.O
87034.0,LII
87055.0,COST.O
87066.0,EGOV.O
87070.0,HCBK.O
87075.0,JCOM.O
87077.0,ECPG.O
87078.0,MDRX.O
87086.0,PRFT.O
87092.0,TIBX.O
87137.0,DVN
87139.0,FCS
87139.0,FCS.O
87146.0,NST
87179.0,NTCT.O
87182.0,QSFT.O
87184.0,RHT
87261.0,UNTD.O
87264.0,ININ.O
87267.0,BLK
87268.0,CIR
87299.0,AKAM.O
87361.0,PCTI.O
87377.0,BCSI.O
87415.0,RTEC.O
87415.0,RTEC.K
87426.0,DW
87432.0,A
87445.0,TDY
87447.0,UPS
87492.0,CHSI.O
87496.0,KNOT.O
87496.0,XOXO.K
87541.0,PKG
87612.0,ISIL.O
87657.0,EW
87659.0,ENR
87659.0,EPC
87696.0,EXAR.O
87696.0,EXAR.K
87717.0,EXPD.O
87771.0,GTIV.O
87789.0,LMNX.O
87812.0,SLAB.O
87827.0,WBSN.O
87842.0,MET
87952.0,GBCI.O
88031.0,HANS.O
88031.0,MNST.O
88152.0,CCMP.O
88167.0,HSTM.O
88174.0,LPSN.O
88197.0,FULT.O
88203.0,VDSI.O
88207.0,VCLK.O
88207.0,CNVR.O
88281.0,CRL
88284.0,CYH
88313.0,JNS
88343.0,PACW.O
88352.0,ISRG.O
88379.0,NTRI.O
88436.0,ENDP.O
88475.0,VASC.O
88499.0,AMMD.O
88510.0,CPKI.O
88545.0,MDCO.O
88550.0,OPNT.O
88568.0,SPTN.O
88590.0,DNB
88597.0,POL
88615.0,GB
88648.0,TTMI.O
88661.0,COH
88664.0,JKHY.O
88668.0,MON
88739.0,OPLK.O
88750.0,XXIA.O
88792.0,BKMU.O
88795.0,HTCH.O
88807.0,NVTL.O
88811.0,SLXP.O
88841.0,RECN.O
88845.0,AET
88853.0,FLR
88860.0,ALGN.O
88865.0,HAFC.O
88865.0,HAFCD.O
88867.0,BLUD.O
88868.0,PEET.O
88871.0,MCF
88873.0,GPN
88897.0,OIS
88924.0,FLO
88940.0,PLKI.O
88991.0,BTU
89002.0,ADS
89003.0,FIS
89004.0,FTI
89006.0,KFT
89006.0,KFT.O
89006.0,MDLZ.O
89014.0,COL
89031.0,TASR.O
89036.0,BABY.O
89040.0,MDTH.O
89070.0,ZMH
89070.0,ZBH
89105.0,JOYG.O
89105.0,JOY
89110.0,OMCL.O
89167.0,CCRN.O
89179.0,WLP
89179.0,ANTM.K
89195.0,PFG
89204.0,AGP
89207.0,KND
89213.0,WOOF.O
89215.0,AHS
89216.0,AYI
89217.0,AAP
89258.0,PRU
89269.0,CNC
89289.0,SSI
89290.0,SYNA.O
89301.0,GME
89303.0,LO
89307.0,MANT.O
89323.0,UCBI.O
89353.0,JBLU.O
89369.0,LCI
89387.0,CPSI.O
89393.0,NFLX.O
89395.0,PNFP.O
89399.0,ARO
89406.0,NPO
89410.0,SRX
89413.0,BGFV.O
89447.0,CVGW.O
89449.0,KIRK.O
89453.0,RRGB.O
89497.0,ARB
89502.0,GPRO.O
89506.0,SAIA.O
89508.0,KMX
89509.0,XEC
89525.0,CMCSA.O
89530.0,TAYC.O
89533.0,WYNN.O
89540.0,DKS
89565.0,CMCSK.O
89572.0,CEVA.O
89574.0,PRAA.O
89575.0,SAFT.O
89617.0,EQIX.O
89626.0,CME.O
89636.0,PXP
89653.0,PFS
89659.0,LOJN.O
89681.0,IPCC.O
89686.0,WRC
89757.0,SHLD.O
89781.0,MOH
89793.0,DTSI.O
89800.0,NTGR.O
89813.0,MHS
89824.0,PRSC.O
89826.0,TCBI.O
89841.0,CNO
89850.0,NFP
89866.0,LKQX.O
89866.0,LKQ.O
89875.0,ANIP.O
89876.0,CRI
89896.0,JAS
89900.0,SNX
89904.0,BWLD.O
89922.0,TSRA.O
89946.0,AEL
89952.0,CMP
89954.0,DTV.O
89968.0,PJC
89971.0,TPX
89973.0,UTI
90011.0,MGLN.O
90012.0,PETS.O
90038.0,AIZ
90044.0,KCI
90067.0,HOS
90071.0,NRG
90090.0,SBNY.O
90110.0,HSP
90132.0,NAL
90162.0,GNW
90164.0,GHL
90179.0,ANGO.O
90187.0,NILE.O
90188.0,NUVA.O
90199.0,CBG
90200.0,CAB
90210.0,LTM
90215.0,CRM
90233.0,MNTA.O
90248.0,DPZ
90249.0,ENS
90272.0,WCG
90276.0,BLKB.O
90277.0,BUCY.O
90299.0,VLTR.O
90319.0,GOOG.O
90319.0,GOOGL.O
90323.0,RNOW.O
90333.0,SNTS.O
90352.0,DYN
90374.0,DWA.O
90377.0,NANO.O
90386.0,MOS
90404.0,CLMS.O
90426.0,TWGP.O
90427.0,TXRH.O
90440.0,NP
90442.0,NWS.O
90442.0,FOX.O
90454.0,MKTX.O
90455.0,MPWR.O
90458.0,NWE
90494.0,BBG
90515.0,SMA
90541.0,OXPS.O
90547.0,ANR
90564.0,PBH
90569.0,WXS
90569.0,WEX
90601.0,NDAQ.O
90609.0,NOVL.O
90634.0,BOFI.O
90657.0,PAY
90715.0,ZUMZ.O
90734.0,LHCG.O
90735.0,LINC.O
90747.0,VLCM.O
90756.0,OSK
90763.0,NSR
90775.0,THS
90783.0,FTK
90789.0,MFB
90803.0,CNSL.O
90805.0,DISCA.O
90806.0,DISCB.O
90807.0,DMND.O
90808.0,EXPE.O
90814.0,HITT.O
90829.0,CF
90831.0,DRC
90833.0,HPY
90867.0,MWIV.O
90871.0,RUTH.O
90874.0,TRLG.O
90880.0,AMP
90910.0,TLEO.O
90925.0,FNF
90956.0,NCIT.O
90963.0,AMSF.O
90966.0,CBEY.O
90971.0,IRBT.O
90979.0,UA
90993.0,ICE
91018.0,CORE.O
91020.0,CYNO.O
91032.0,TRAK.O
91040.0,BAS
91041.0,LYV
91063.0,VIAb
91063.0,VIAB.O
91066.0,VIA
91066.0,VIA.O
91068.0,CMG
91073.0,WNR
91086.0,ACOR.O
91090.0,CROX.O
91095.0,LQDT.O
91099.0,NTLS.O
91100.0,ROSE.O
91103.0,UAL
91113.0,HS
91114.0,KOP
91128.0,GPOR.O
91143.0,NYX
91161.0,GPRE.O
91207.0,HOT
91233.0,MA
91262.0,AAWW.O
91356.0,HOMB.O
91363.0,PGTI.O
91366.0,SNCR.O
91391.0,WIN.O
91392.0,WYN
91402.0,GTLS.O
91403.0,KALU.O
91413.0,EVR
91416.0,HBI
91461.0,WU
91463.0,CVLT.O
91485.0,RVBD.O
91498.0,EHTH.O
91500.0,EXLS.O
91514.0,VPFG.O
91514.0,LTXB.O
91547.0,SAI
91547.0,LDOS.K
91556.0,ROST.O
91571.0,EBS
91579.0,KBR
91605.0,CPLA.O
91611.0,FSLR.O
91614.0,IPHS.O
91650.0,SE
91659.0,ALGT.O
91668.0,IPGP.O
91688.0,EIG
91692.0,HF
91733.0,AVAV.O
91743.0,ORIT.O
91815.0,CENTA.O
91849.0,BR
91854.0,UFS
91855.0,SFNC.O
91883.0,TWC
91899.0,FIRE.O
91902.0,HAYN.O
91907.0,SMCI.O
91915.0,CNK
91926.0,DAL
91937.0,PCS
91975.0,ACM
91977.0,BGS
92021.0,SLH
92043.0,IBKR.O
92044.0,KS
92102.0,SCOR.O
92121.0,DFS
92172.0,DHX
92184.0,PMC
92205.0,REXX.O
92210.0,TYPE.O
92220.0,MASI.O
92229.0,VRTU.O
92243.0,DM
92245.0,EXH
92282.0,PKT.O
92293.0,TDC
92346.0,PCX
92378.0,ZEP
92400.0,LL
92402.0,MSCI.K
92428.0,APEI.O
92429.0,AREX.O
92432.0,ENSG.O
92443.0,NFBK.O
92448.0,RBCN.O
92454.0,TNDM.O
92454.0,IQNT.O
92457.0,CATM.O
92460.0,ENTR.O
92464.0,MDAS.O
92467.0,ORN
92478.0,FOR
92527.0,IPCM.O
92570.0,DAN
92596.0,IRDM.O
92597.0,HI
92601.0,NOG
92602.0,PM
92611.0,V
92618.0,DPS
92621.0,IPI
92635.0,NX
92655.0,UNH
92697.0,LPS
92709.0,SNI
92729.0,JBT
92758.0,GTAT.O
92765.0,RAX
92771.0,HSNI.O
92772.0,IILG.O
92778.0,DISCK.O
92780.0,HCI
92782.0,MYRG.O
92854.0,CLW
92871.0,VRTS.O
92890.0,MJN
92931.0,SWI
92934.0,OPEN.O
92940.0,MDSO.O
92983.0,GSM.O
92984.0,LOGM.O
92988.0,CFN
93035.0,SEM
93071.0,VSI
93079.0,ECHO.O
93089.0,VRSK.O
93091.0,AOL
93095.0,CLD
93096.0,DG
93111.0,STRI.K
93132.0,FTNT.O
93141.0,RUE.O
93175.0,KRA
93223.0,TW
93223.0,TW.O
93266.0,QNST.O
93305.0,FNGN.O
93330.0,PRI
93373.0,EXPR.K
93374.0,FAF
93384.0,RRTS.K
93418.0,ONE
93422.0,QEP
93429.0,CBOE.O
